Strategy,Accuracy,mu_plus,mu_minus,p_star,Timing_bps_per_period,PT_stat,PT_p_one_sided,Observations
Daily CMA Losers (k = 13),0.5055632823365785,0.004496984703998042,0.00475746737460761,0.5140733707623679,-0.393781027605823,1.0605762219165913,0.14444126670480806,2876
Daily HML Logit,0.5305810397553516,0.005458313794531145,0.005361079164555969,0.4955064655501994,1.8974280059910138,2.049332971980092,0.020214783308552087,2616
Daily HML KNN15,0.5187308868501529,0.005457284367722767,0.005364582902211409,0.4957169376042476,1.2452695204809443,1.0527048861472188,0.1462381342830107,2616
Daily RMW KNN11,0.5172018348623854,0.013998253307263855,0.014027481805209005,0.5005214581852688,2.337399091645692,1.7232271679921538,0.04242372628002,2616
Daily CMA KNN3,0.5053516819571865,0.004707061752018042,0.004675381961154861,0.4983117516165483,0.3302587508284828,0.2617975058605037,0.3967387810297367,2616
Daily SMB KNN3,0.49923547400611623,0.0058643982229191795,0.005617023851747668,0.4892271893863509,0.574546699814611,-0.23605466618143708,0.5933048744781446,2616
Weekly HML Winners (k = 13),0.5229982964224872,0.011503436457482754,0.011063445151473478,0.4902513933109249,3.6963658671651305,0.8117701261183322,0.20846177344522787,587
Weekly CMA Losers (k = 13),0.504258943781942,0.01008117808410558,0.010181625195473543,0.5024786084625614,0.21697643884583226,0.5133346244630119,0.3038586338918662,587
Weekly CMA KNN23,0.48333333333333334,0.010601987037344631,0.009697614967760726,0.47772438914426857,0.6069429383786116,-1.357085631882058,0.9126229983701454,540
Weekly HML KNN15,0.5203703703703704,0.012311172018983716,0.011112317905073166,0.4744091482994753,5.381351825462214,0.6790125289291841,0.24856496172504294,540
Weekly RMW KNN11,0.5296296296296297,0.031138316336863335,0.02991199842555082,0.48995649804521973,12.250274900072128,1.1657683854996281,0.12185405127834747,540
Weekly SMB KNN23,0.524074074074074,0.012967933530374976,0.011626536990351356,0.4727297129878606,6.315117153635127,1.0614875602703495,0.1442341916374703,540
